ID,distance,distance_error,astrometric_excess_noise,Kmag,numax,ra,dec
1377591,31.6492503682228,0,1.8296042010392468,0.6709999999999999,nan,231.23232272646015,58.96614029193247
